101;Y2;Z3;vsvcfd;cdcds;cds
102;Y3;Z4;vsvcfd;cdcds;cds
103;Y4;Z5;vsvcfd;cdcds;cds
104;Y5;Z6;vsvcfd;cdcds;cds
105;Y6;Z7;vsvcfd;cdcds;cds
106;Y7;Z8;vsvcfd;cdcds;cds
107;Y8;Z9;vsvcfd;cdcds;cds
108;Y9;Z10;vsvcfd;cdcds;cds
109;Y10;Z11;vsvcfd;cdcds;cds
110;Y11;Z12;vsvcfd;cdcds;cds
111;Y12;Z13;vsvcfd;cdcds;cds
112;Y13;Z14;vsvcfd;cdcds;cds
113;Y14;Z15;vsvcfd;cdcds;cds
114;Y15;Z16;vsvcfd;cdcds;cds
115;Y16;Z17;vsvcfd;cdcds;cds
116;Y17;Z18;vsvcfd;cdcds;cds
117;Y18;Z19;vsvcfd;cdcds;cds
118;Y19;Z20;vsvcfd;cdcds;cds
119;Y20;Z21;vsvcfd;cdcds;cds
120;Y21;Z22;vsvcfd;cdcds;cds
